date,id,content,username,filtered_tokens,preprocessed_text
2023-03-24 16:15:38+00:00,1639299946116526082,@citizentvkenya @MKapombe Following from Njoro Sub County #NipasheWikendi,AludaMika,"['@citizentvkenya', '@mkapomb', 'follow', 'from', 'njoro', 'sub', 'counti', '#nipashewikendi']",@citizentvkenya @mkapomb follow from njoro sub counti #nipashewikendi
2023-03-12 16:54:14+00:00,1634961004844167168,If at all Gachagua is really speaking from his heart then Kenyans we are at risk! This gov't will eat us all! @citizentvkenya #Nipashewikendi,BundiOsbie,"['if', 'at', 'all', 'gachagua', 'is', 'realli', 'speak', 'from', 'hi', 'heart', 'then', 'kenyan', 'we', 'are', 'at', 'risk!', 'thi', ""gov't"", 'will', 'eat', 'us', 'all!', '@citizentvkenya', '#nipashewikendi']",if at all gachagua is realli speak from hi heart then kenyan we are at risk! thi gov't will eat us all! @citizentvkenya #nipashewikendi
2023-03-11 16:28:05+00:00,1634592036585103361,"@citizentvkenya @Tomkimbaraza @RashidAbdalla @LuluHassan Ukiona tu ameanza kupunguza calls ,,,hapo Kuna kijimtu ,,love from Benice Medical center Kitengela  #NipasheWikendi",Chesongol_J,"['@citizentvkenya', '@tomkimbaraza', '@rashidabdalla', '@luluhassan', 'ukiona', 'tu', 'ameanza', 'kupunguza', 'call', ',,,hapo', 'kuna', 'kijimtu', ',,love', 'from', 'benic', 'medic', 'center', 'kitengela', '#nipashewikendi']","@citizentvkenya @tomkimbaraza @rashidabdalla @luluhassan ukiona tu ameanza kupunguza call ,,,hapo kuna kijimtu ,,love from benic medic center kitengela #nipashewikendi"
2023-02-12 16:17:22+00:00,1624804868719276034,@citizentvkenya @RashidAbdalla  Watching Live from Kitengela #nipashewikendi,Chesongol_J,"['@citizentvkenya', '@rashidabdalla', 'watch', 'live', 'from', 'kitengela', '#nipashewikendi']",@citizentvkenya @rashidabdalla watch live from kitengela #nipashewikendi
2023-02-04 16:36:38+00:00,1621910613181038592,#nipashewikendi   ni vyema kuwasaidia wanafunzi wanaokosa karo kwenda shuleni....kwa hivyo basi consider our own student from choronok kuresoi north kamara ward ila kwangu naitwa collins thanks,Collins12258889,"['#nipashewikendi', 'vyema', 'kuwasaidia', 'wanafunzi', 'wanaokosa', 'karo', 'kwenda', 'shuleni....kwa', 'hivyo', 'basi', 'consid', 'our', 'own', 'student', 'from', 'choronok', 'kuresoi', 'north', 'kamara', 'ward', 'ila', 'kwangu', 'naitwa', 'collin', 'thank']",#nipashewikendi vyema kuwasaidia wanafunzi wanaokosa karo kwenda shuleni....kwa hivyo basi consid our own student from choronok kuresoi north kamara ward ila kwangu naitwa collin thank
2023-02-03 19:35:00+00:00,1621593113566347264,"Go Go Go üëèüèΩüëèüèΩ @KindikiKithure 
‚ÄúWe are going to enhance our border patrol to ensure that we seal all the lope holes so that the people who are visiting Kenya from Ethiopia can come legitimately through the border post. 
#nipashewikendi",bellabonsu,"['go', 'go', 'go', 'üëèüèΩüëèüèΩ', '@kindikikithur', '‚Äúwe', 'are', 'go', 'to', 'enhanc', 'our', 'border', 'patrol', 'to', 'ensur', 'that', 'we', 'seal', 'all', 'the', 'lope', 'hole', 'so', 'that', 'the', 'peopl', 'who', 'are', 'visit', 'kenya', 'from', 'ethiopia', 'can', 'come', 'legitim', 'through', 'the', 'border', 'post.', '#nipashewikendi']",go go go üëèüèΩüëèüèΩ @kindikikithur ‚Äúwe are go to enhanc our border patrol to ensur that we seal all the lope hole so that the peopl who are visit kenya from ethiopia can come legitim through the border post. #nipashewikendi
2023-02-03 16:05:06+00:00,1621540289746698241,"@citizentvkenya 
@MKapombe 
#Nipashewikendi
Mteke ni mtu Anayependa kusengenya wengine,
Otherwise following from kona mbaya jua kali turbo",bitok_brayo,"['@citizentvkenya', '@mkapomb', '#nipashewikendi', 'mteke', 'mtu', 'anayependa', 'kusengenya', 'wengine,', 'otherwis', 'follow', 'from', 'kona', 'mbaya', 'jua', 'kali', 'turbo']","@citizentvkenya @mkapomb #nipashewikendi mteke mtu anayependa kusengenya wengine, otherwis follow from kona mbaya jua kali turbo"
2023-02-03 16:04:22+00:00,1621540107256725506,@citizentvkenya @MKapombe Watching live from Moi Teaching and Rafferral Hospital Eldoret #NipasheWikendi,Chesongol_J,"['@citizentvkenya', '@mkapomb', 'watch', 'live', 'from', 'moi', 'teach', 'and', 'rafferr', 'hospit', 'eldoret', '#nipashewikendi']",@citizentvkenya @mkapomb watch live from moi teach and rafferr hospit eldoret #nipashewikendi
2023-01-29 16:11:26+00:00,1619729944510369792,"@citizentvkenya @RashidAbdalla @LuluHassan Maandamano hayatapunguza gharama ya maisha..President ni mmoja Kenya, watching from pipeline Embakasi #NipasheWikendi",MosesJu53037336,"['@citizentvkenya', '@rashidabdalla', '@luluhassan', 'maandamano', 'hayatapunguza', 'gharama', 'maisha..presid', 'mmoja', 'kenya,', 'watch', 'from', 'pipelin', 'embakasi', '#nipashewikendi']","@citizentvkenya @rashidabdalla @luluhassan maandamano hayatapunguza gharama maisha..presid mmoja kenya, watch from pipelin embakasi #nipashewikendi"
2023-01-20 16:11:58+00:00,1616468587291774976,@citizentvkenya @MKapombe Live watching from kitengela üëÄlike your Swahili news #NipasheWikendi@Mkapombe,RowelMwamba4,"['@citizentvkenya', '@mkapomb', 'live', 'watch', 'from', 'kitengela', 'üëÄlike', 'your', 'swahili', 'news', '#nipashewikendi@mkapomb']",@citizentvkenya @mkapomb live watch from kitengela üëÄlike your swahili news #nipashewikendi@mkapomb
2023-01-15 16:11:47+00:00,1614656603814248448,@citizentvkenya @RashidAbdalla @LuluHassan Watching live from endebess #NipasheWikendi,Chesongol_J,"['@citizentvkenya', '@rashidabdalla', '@luluhassan', 'watch', 'live', 'from', 'endebess', '#nipashewikendi']",@citizentvkenya @rashidabdalla @luluhassan watch live from endebess #nipashewikendi
2023-01-15 16:10:53+00:00,1614656374952050691,@citizentvkenya @RashidAbdalla @LuluHassan Watching live from endebess #NipasheWikendi,Chesongol_J,"['@citizentvkenya', '@rashidabdalla', '@luluhassan', 'watch', 'live', 'from', 'endebess', '#nipashewikendi']",@citizentvkenya @rashidabdalla @luluhassan watch live from endebess #nipashewikendi
2022-12-31 16:04:49+00:00,1609219030149128193,@citizentvkenya @MKapombe Happy new year from me Kapombe #NipasheWikendi https://t.co/kjDKxi8lrK,Chesongol_J,"['@citizentvkenya', '@mkapomb', 'happi', 'new', 'year', 'from', 'me', 'kapomb', '#nipashewikendi', 'https://t.co/kjdkxi8lrk']",@citizentvkenya @mkapomb happi new year from me kapomb #nipashewikendi https://t.co/kjdkxi8lrk
2022-12-31 16:03:41+00:00,1609218746597494786,@citizentvkenya @MKapombe Happy new yr  Kapombe From this side #NipasheWikendi,Chesongol_J,"['@citizentvkenya', '@mkapomb', 'happi', 'new', 'yr', 'kapomb', 'from', 'thi', 'side', '#nipashewikendi']",@citizentvkenya @mkapomb happi new yr kapomb from thi side #nipashewikendi
2022-12-25 16:20:09+00:00,1607048561652277249,"@citizentvkenya @RashidAbdalla @LuluHassan Heri njema za krismasi kwa wakenya wote
Watching from Nandi
#Nipashewikendi",joelzanga254,"['@citizentvkenya', '@rashidabdalla', '@luluhassan', 'heri', 'njema', 'krismasi', 'wakenya', 'wote', 'watch', 'from', 'nandi', '#nipashewikendi']",@citizentvkenya @rashidabdalla @luluhassan heri njema krismasi wakenya wote watch from nandi #nipashewikendi
2022-12-23 16:08:13+00:00,1606320782984073216,"@citizentvkenya @RashidAbdalla Kwa kweli @RashidAbdalla   Mr @WChebukati  atakumbukwa sana kwa kazi nzuri ,,, watching live from Endebess #NipasheWikendi",Chesongol_J,"['@citizentvkenya', '@rashidabdalla', 'kweli', '@rashidabdalla', 'mr', '@wchebukati', 'atakumbukwa', 'sana', 'kazi', 'nzuri', ',,,', 'watch', 'live', 'from', 'endebess', '#nipashewikendi']","@citizentvkenya @rashidabdalla kweli @rashidabdalla mr @wchebukati atakumbukwa sana kazi nzuri ,,, watch live from endebess #nipashewikendi"
2022-12-23 16:06:47+00:00,1606320424266104841,"@citizentvkenya @RashidAbdalla Happy Christmas from me @RashidAbdalla  ,,,  watching from Endebess #NipasheWikendi",Chesongol_J,"['@citizentvkenya', '@rashidabdalla', 'happi', 'christma', 'from', 'me', '@rashidabdalla', ',,,', 'watch', 'from', 'endebess', '#nipashewikendi']","@citizentvkenya @rashidabdalla happi christma from me @rashidabdalla ,,, watch from endebess #nipashewikendi"
2022-12-23 16:05:35+00:00,1606320119021387776,"@citizentvkenya @RashidAbdalla @WChebukati atakumbukwa Sana kwa kazi nzuri ,, watching from Endebess #NipasheWikendi",Chesongol_J,"['@citizentvkenya', '@rashidabdalla', '@wchebukati', 'atakumbukwa', 'sana', 'kazi', 'nzuri', ',,', 'watch', 'from', 'endebess', '#nipashewikendi']","@citizentvkenya @rashidabdalla @wchebukati atakumbukwa sana kazi nzuri ,, watch from endebess #nipashewikendi"
2022-12-09 16:11:03+00:00,1601248066958655488,@citizentvkenya @MKapombe Following from Njoro Sub County #NipasheWikendi,MicahAluda8,"['@citizentvkenya', '@mkapomb', 'follow', 'from', 'njoro', 'sub', 'counti', '#nipashewikendi']",@citizentvkenya @mkapomb follow from njoro sub counti #nipashewikendi
2022-12-09 16:10:24+00:00,1601247904823275525,@citizentvkenya @MKapombe Watching from Njoro Sub County #NipasheWikendi,MicahAluda8,"['@citizentvkenya', '@mkapomb', 'watch', 'from', 'njoro', 'sub', 'counti', '#nipashewikendi']",@citizentvkenya @mkapomb watch from njoro sub counti #nipashewikendi
2022-12-04 16:07:02+00:00,1599435117692301314,"@citizentvkenya @LuluHassan @Chemutai_Goin Lulu leo umepeleka wapi Rashid ,, watching from Endebess #NipasheWikendi",Chesongol_J,"['@citizentvkenya', '@luluhassan', '@chemutai_goin', 'lulu', 'leo', 'umepeleka', 'wapi', 'rashid', ',,', 'watch', 'from', 'endebess', '#nipashewikendi']","@citizentvkenya @luluhassan @chemutai_goin lulu leo umepeleka wapi rashid ,, watch from endebess #nipashewikendi"
2022-12-04 16:06:15+00:00,1599434920081833984,@citizentvkenya @LuluHassan Watching live from Endebess. Baba is overworking  as a opposition leader #NipasheWikendi,Chesongol_J,"['@citizentvkenya', '@luluhassan', 'watch', 'live', 'from', 'endebess.', 'baba', 'is', 'overwork', 'as', 'a', 'opposit', 'leader', '#nipashewikendi']",@citizentvkenya @luluhassan watch live from endebess. baba is overwork as a opposit leader #nipashewikendi
2022-11-27 16:23:35+00:00,1596902567120097282,"@citizentvkenya @RashidAbdalla @LuluHassan #NipasheWikendi watching citizen tv from Doha Qatar,, namtakia Gentris Savai heri njema Kwa kcse (muyrere mixed secondary school) vihiga county",KShiusa,"['@citizentvkenya', '@rashidabdalla', '@luluhassan', '#nipashewikendi', 'watch', 'citizen', 'tv', 'from', 'doha', 'qatar,,', 'namtakia', 'gentri', 'savai', 'heri', 'njema', 'kcse', '(muyrer', 'mix', 'secondari', 'school)', 'vihiga', 'counti']","@citizentvkenya @rashidabdalla @luluhassan #nipashewikendi watch citizen tv from doha qatar,, namtakia gentri savai heri njema kcse (muyrer mix secondari school) vihiga counti"
2022-11-27 16:22:38+00:00,1596902326878769153,Wishing the best to my small brother Dennis Legei Meluami from Milimani primary school as he sits for exams from tomorrow.#nipashewikendi,mendez_hudini,"['wish', 'the', 'best', 'to', 'my', 'small', 'brother', 'denni', 'legei', 'meluami', 'from', 'milimani', 'primari', 'school', 'as', 'he', 'sit', 'for', 'exam', 'from', 'tomorrow.#nipashewikendi']",wish the best to my small brother denni legei meluami from milimani primari school as he sit for exam from tomorrow.#nipashewikendi
2022-11-27 16:21:47+00:00,1596902115078598659,"#NipasheWikendi
@LuluHassan @RashidAbdalla 
@citizentvkenya 

Natakia ndugu zangu wadogo Muuo Kyalo na ""Toto Katunge"" from Kithangathini Primary, Makueni County, kila la heri wanapokalia mtihani wao wa KCPE",MutisyaBenjamin,"['#nipashewikendi', '@luluhassan', '@rashidabdalla', '@citizentvkenya', 'natakia', 'ndugu', 'wadogo', 'muuo', 'kyalo', '""toto', 'katunge""', 'from', 'kithangathini', 'primary,', 'makueni', 'county,', 'kila', 'la', 'heri', 'wanapokalia', 'mtihani', 'wao', 'kcpe']","#nipashewikendi @luluhassan @rashidabdalla @citizentvkenya natakia ndugu wadogo muuo kyalo ""toto katunge"" from kithangathini primary, makueni county, kila la heri wanapokalia mtihani wao kcpe"
2022-11-27 16:19:13+00:00,1596901466790580225,"@citizentvkenya #nipashewikendi
Wishing Maya Silantoi success in her class eight exams from Magadi Soda school.",Rikoyiannn,"['@citizentvkenya', '#nipashewikendi', 'wish', 'maya', 'silantoi', 'success', 'in', 'her', 'class', 'eight', 'exam', 'from', 'magadi', 'soda', 'school.']",@citizentvkenya #nipashewikendi wish maya silantoi success in her class eight exam from magadi soda school.
2022-11-27 16:18:46+00:00,1596901353091403776,"@citizentvkenya Wishing success  to lorine  jelagat from uasin gishu  at shinners academy and to all the candidates 
#NipasheWikendi",denmark_ke,"['@citizentvkenya', 'wish', 'success', 'to', 'lorin', 'jelagat', 'from', 'uasin', 'gishu', 'at', 'shinner', 'academi', 'and', 'to', 'all', 'the', 'candid', '#nipashewikendi']",@citizentvkenya wish success to lorin jelagat from uasin gishu at shinner academi and to all the candid #nipashewikendi
2022-11-27 16:16:59+00:00,1596900906460536832,@citizentvkenya Wishing success to my brother Hakim Dido from Nanyuki DEB #NipasheWikendi,fayodydo,"['@citizentvkenya', 'wish', 'success', 'to', 'my', 'brother', 'hakim', 'dido', 'from', 'nanyuki', 'deb', '#nipashewikendi']",@citizentvkenya wish success to my brother hakim dido from nanyuki deb #nipashewikendi
2022-11-27 16:09:16+00:00,1596898964334329858,@citizentvkenya Wishing success to my sister Lilian from githunguri jetview primary and all candidates from Ruai primary #NipasheWikendi,NicholasKmbatha,"['@citizentvkenya', 'wish', 'success', 'to', 'my', 'sister', 'lilian', 'from', 'githunguri', 'jetview', 'primari', 'and', 'all', 'candid', 'from', 'ruai', 'primari', '#nipashewikendi']",@citizentvkenya wish success to my sister lilian from githunguri jetview primari and all candid from ruai primari #nipashewikendi
2022-11-27 16:05:07+00:00,1596897919944495105,"@citizentvkenya @RashidAbdalla @LuluHassan Watching from Endebess ,, Khali la heri kwa shule na wathainiwa wote hapa Endebess Constituency #NipasheWikendi",Chesongol_J,"['@citizentvkenya', '@rashidabdalla', '@luluhassan', 'watch', 'from', 'endebess', ',,', 'khali', 'la', 'heri', 'shule', 'wathainiwa', 'wote', 'hapa', 'endebess', 'constitu', '#nipashewikendi']","@citizentvkenya @rashidabdalla @luluhassan watch from endebess ,, khali la heri shule wathainiwa wote hapa endebess constitu #nipashewikendi"
2022-11-27 16:02:54+00:00,1596897362609197056,"@citizentvkenya @RashidAbdalla @LuluHassan Good evening from Endebess ,,Best wishes tu all skuls in Endebess Constituency #NipasheWikendi",Chesongol_J,"['@citizentvkenya', '@rashidabdalla', '@luluhassan', 'good', 'even', 'from', 'endebess', ',,best', 'wish', 'tu', 'all', 'skul', 'in', 'endebess', 'constitu', '#nipashewikendi']","@citizentvkenya @rashidabdalla @luluhassan good even from endebess ,,best wish tu all skul in endebess constitu #nipashewikendi"
2022-11-25 16:25:09+00:00,1596178186479763457,"Watching live from Lugari Mbagara,naipenda sana hii longalonga #NipasheWikendi",oscar_sagara1,"['watch', 'live', 'from', 'lugari', 'mbagara,naipenda', 'sana', 'hii', 'longalonga', '#nipashewikendi']","watch live from lugari mbagara,naipenda sana hii longalonga #nipashewikendi"
2022-10-30 16:31:57+00:00,1586757813321273347,@citizentvkenya @RashidAbdalla @LuluHassan Following from Njoro Sub County #NipasheWikendi,AludaMika1,"['@citizentvkenya', '@rashidabdalla', '@luluhassan', 'follow', 'from', 'njoro', 'sub', 'counti', '#nipashewikendi']",@citizentvkenya @rashidabdalla @luluhassan follow from njoro sub counti #nipashewikendi
2022-10-21 16:53:48+00:00,1583501818625425408,"@citizentvkenya @MKapombe Watching from kangoya kiambu city üé§
#NipasheWikendi",VirginiaKangon3,"['@citizentvkenya', '@mkapomb', 'watch', 'from', 'kangoya', 'kiambu', 'citi', 'üé§', '#nipashewikendi']",@citizentvkenya @mkapomb watch from kangoya kiambu citi üé§ #nipashewikendi
2022-10-07 16:35:15+00:00,1578423719797854208,@citizentvkenya @MKapombe Watching from Njoro Sub County #NipasheWikendi,aludamika47,"['@citizentvkenya', '@mkapomb', 'watch', 'from', 'njoro', 'sub', 'counti', '#nipashewikendi']",@citizentvkenya @mkapomb watch from njoro sub counti #nipashewikendi
2022-10-02 16:08:08+00:00,1576604955850706944,"@citizentvkenya Sir ?what happens to delocalisation of teachers since it was one of ua area of interest,especially couples working far away from each other leaving their kids with housemanagers.I being one of so many teachers affected? #NipasheWikendi  @LuluHassan  @RashidAbdalla",madina31hassan,"['@citizentvkenya', 'sir', '?what', 'happen', 'to', 'delocalis', 'of', 'teacher', 'sinc', 'it', 'one', 'of', 'ua', 'area', 'of', 'interest,especi', 'coupl', 'work', 'far', 'away', 'from', 'each', 'other', 'leav', 'their', 'kid', 'with', 'housemanagers.i', 'be', 'one', 'of', 'so', 'mani', 'teacher', 'affected?', '#nipashewikendi', '@luluhassan', '@rashidabdalla']","@citizentvkenya sir ?what happen to delocalis of teacher sinc it one of ua area of interest,especi coupl work far away from each other leav their kid with housemanagers.i be one of so mani teacher affected? #nipashewikendi @luluhassan @rashidabdalla"
2022-10-02 16:00:44+00:00,1576603095622373376,"@citizentvkenya @LuluHassan @RashidAbdalla Closely tuned in from Nairobi.
#NipasheWikendi",SamsonAyiera,"['@citizentvkenya', '@luluhassan', '@rashidabdalla', 'close', 'tune', 'in', 'from', 'nairobi.', '#nipashewikendi']",@citizentvkenya @luluhassan @rashidabdalla close tune in from nairobi. #nipashewikendi
2022-07-31 15:54:10+00:00,1553771008254935042,When John Kiarie speaks you may think he has done so much for Dagoretti South. Dagoretti South was a dusty rural outpost that former MP Dennis Waweru lifted up from the mud. Today nothing much is going on. Kwa ground Kiarie is only good in speaking sheng.    #NipasheWikendi,bkairu5,"['when', 'john', 'kiari', 'speak', 'you', 'may', 'think', 'he', 'ha', 'done', 'so', 'much', 'for', 'dagoretti', 'south.', 'dagoretti', 'south', 'a', 'dusti', 'rural', 'outpost', 'that', 'former', 'mp', 'denni', 'waweru', 'lift', 'up', 'from', 'the', 'mud.', 'today', 'noth', 'much', 'is', 'go', 'on.', 'ground', 'kiari', 'is', 'onli', 'good', 'in', 'speak', 'sheng.', '#nipashewikendi']",when john kiari speak you may think he ha done so much for dagoretti south. dagoretti south a dusti rural outpost that former mp denni waweru lift up from the mud. today noth much is go on. ground kiari is onli good in speak sheng. #nipashewikendi
2022-07-30 16:01:05+00:00,1553410360564240384,@citizentvkenya Following from Njoro Sub County #NipasheWikendi,AludaMika,"['@citizentvkenya', 'follow', 'from', 'njoro', 'sub', 'counti', '#nipashewikendi']",@citizentvkenya follow from njoro sub counti #nipashewikendi
2022-07-09 15:52:23+00:00,1545798023598542849,Hatukatai kusaidi but you can help from a distance‚Ä¶ Some things have to change‚Ä¶ - DEE Presenter 001 #NipasheWikendi https://t.co/MYB7kRz5wP,citizentvkenya,"['hatukatai', 'kusaidi', 'but', 'you', 'can', 'help', 'from', 'a', 'distance‚Ä¶', 'some', 'thing', 'have', 'to', 'change‚Ä¶', '-', 'dee', 'present', '001', '#nipashewikendi', 'https://t.co/myb7krz5wp']",hatukatai kusaidi but you can help from a distance‚Ä¶ some thing have to change‚Ä¶ - dee present 001 #nipashewikendi https://t.co/myb7krz5wp
2022-07-02 16:17:42+00:00,1543267683541684224,@RashidAbdalla #Nipashewikendi @LuluHassan @RashidAbdalla Watching from kiptulus Nandi niko na miaka 10 kwa ndoa na nilimwoa msichana sasa ni bibi wangu akiwa na umri mdogo 15 ‚úä‚úä,Chesingak,"['@rashidabdalla', '#nipashewikendi', '@luluhassan', '@rashidabdalla', 'watch', 'from', 'kiptulu', 'nandi', 'niko', 'miaka', '10', 'ndoa', 'nilimwoa', 'msichana', 'sasa', 'bibi', 'wangu', 'akiwa', 'umri', 'mdogo', '15', '‚úä‚úä']",@rashidabdalla #nipashewikendi @luluhassan @rashidabdalla watch from kiptulu nandi niko miaka 10 ndoa nilimwoa msichana sasa bibi wangu akiwa umri mdogo 15 ‚úä‚úä
2022-07-02 16:17:32+00:00,1543267640877137921,@LuluHassan #Nipashewikendi @LuluHassan @RashidAbdalla Watching from kiptulus Nandi niko na miaka 10 kwa ndoa na nilimwoa msichana sasa ni bibi wangu akiwa na umri mdogo 15 ‚úä‚úä,Chesingak,"['@luluhassan', '#nipashewikendi', '@luluhassan', '@rashidabdalla', 'watch', 'from', 'kiptulu', 'nandi', 'niko', 'miaka', '10', 'ndoa', 'nilimwoa', 'msichana', 'sasa', 'bibi', 'wangu', 'akiwa', 'umri', 'mdogo', '15', '‚úä‚úä']",@luluhassan #nipashewikendi @luluhassan @rashidabdalla watch from kiptulu nandi niko miaka 10 ndoa nilimwoa msichana sasa bibi wangu akiwa umri mdogo 15 ‚úä‚úä
2022-07-02 16:16:59+00:00,1543267499684282373,@citizentvkenya #Nipashewikendi @LuluHassan @RashidAbdalla Watching from kiptulus Nandi niko na miaka 10 kwa ndoa na nilimwoa msichana sasa ni bibi wangu akiwa na umri mdogo 15 ‚úä‚úä,Chesingak,"['@citizentvkenya', '#nipashewikendi', '@luluhassan', '@rashidabdalla', 'watch', 'from', 'kiptulu', 'nandi', 'niko', 'miaka', '10', 'ndoa', 'nilimwoa', 'msichana', 'sasa', 'bibi', 'wangu', 'akiwa', 'umri', 'mdogo', '15', '‚úä‚úä']",@citizentvkenya #nipashewikendi @luluhassan @rashidabdalla watch from kiptulu nandi niko miaka 10 ndoa nilimwoa msichana sasa bibi wangu akiwa umri mdogo 15 ‚úä‚úä
2022-07-02 16:16:44+00:00,1543267437356908544,@citizentvkenya #Nipashewikendi @LuluHassan @RashidAbdalla Watching from kiptulus Nandi niko na miaka 10 kwa ndoa na nilimwoa msichana sasa ni bibi wangu akiwa na umri mdogo 15 ‚úä‚úä,Chesingak,"['@citizentvkenya', '#nipashewikendi', '@luluhassan', '@rashidabdalla', 'watch', 'from', 'kiptulu', 'nandi', 'niko', 'miaka', '10', 'ndoa', 'nilimwoa', 'msichana', 'sasa', 'bibi', 'wangu', 'akiwa', 'umri', 'mdogo', '15', '‚úä‚úä']",@citizentvkenya #nipashewikendi @luluhassan @rashidabdalla watch from kiptulu nandi niko miaka 10 ndoa nilimwoa msichana sasa bibi wangu akiwa umri mdogo 15 ‚úä‚úä
2022-06-24 16:09:26+00:00,1540366498891550722,"@MKapombe
Combo cha kukoroga unga ngano na viongezeo vingine kinaitwa ""Kichanganyo""
David from Kakamega
#NipasheWikendi",MachokaMr,"['@mkapomb', 'combo', 'cha', 'kukoroga', 'unga', 'ngano', 'viongezeo', 'vingin', 'kinaitwa', '""kichanganyo""', 'david', 'from', 'kakamega', '#nipashewikendi']","@mkapomb combo cha kukoroga unga ngano viongezeo vingin kinaitwa ""kichanganyo"" david from kakamega #nipashewikendi"
2022-06-19 16:34:07+00:00,1538560768823775235,@citizentvkenya  happy fathers day to Stanley Barasa from kawalun village Teso North and I myself Baraza Etiang here at salgaa Nakuru.#NipasheWikendi,Etyang0001,"['@citizentvkenya', 'happi', 'father', 'day', 'to', 'stanley', 'barasa', 'from', 'kawalun', 'villag', 'teso', 'north', 'and', 'i', 'myself', 'baraza', 'etiang', 'here', 'at', 'salgaa', 'nakuru.#nipashewikendi']",@citizentvkenya happi father day to stanley barasa from kawalun villag teso north and i myself baraza etiang here at salgaa nakuru.#nipashewikendi
2022-06-19 16:16:44+00:00,1538556395355787270,"Sisi siku za kitaifa,hatutambuliwi, like happy father day,I have not been told anything from my wife, only my daughter amenichumia maua akaniletea,na akasema happy fathers day am proud of her. #NipasheWikendi",tabuka_michael,"['sisi', 'siku', 'kitaifa,hatutambuliwi,', 'like', 'happi', 'father', 'day,i', 'have', 'not', 'been', 'told', 'anyth', 'from', 'my', 'wife,', 'onli', 'my', 'daughter', 'amenichumia', 'maua', 'akaniletea,na', 'akasema', 'happi', 'father', 'day', 'am', 'proud', 'of', 'her.', '#nipashewikendi']","sisi siku kitaifa,hatutambuliwi, like happi father day,i have not been told anyth from my wife, onli my daughter amenichumia maua akaniletea,na akasema happi father day am proud of her. #nipashewikendi"
2022-06-19 16:08:42+00:00,1538554374045192192,"@citizentvkenya happy father's day to my my biological father Christopher mutiso Mackenzie
Hope he had it Big and great
Am Mathew ndunda mutiso from Nairobi Kenya
#NipasheWikendi",Smithrowe14,"['@citizentvkenya', 'happi', ""father'"", 'day', 'to', 'my', 'my', 'biolog', 'father', 'christoph', 'mutiso', 'mackenzi', 'hope', 'he', 'had', 'it', 'big', 'and', 'great', 'am', 'mathew', 'ndunda', 'mutiso', 'from', 'nairobi', 'kenya', '#nipashewikendi']",@citizentvkenya happi father' day to my my biolog father christoph mutiso mackenzi hope he had it big and great am mathew ndunda mutiso from nairobi kenya #nipashewikendi
2022-06-11 16:28:44+00:00,1535660313642733568,"@citizentvkenya Watching from Katakwa Teso
#NipasheWikendi",EkapelCharles,"['@citizentvkenya', 'watch', 'from', 'katakwa', 'teso', '#nipashewikendi']",@citizentvkenya watch from katakwa teso #nipashewikendi
2022-06-04 16:24:16+00:00,1533122476015853570,"@citizentvkenya @RashidAbdalla @LuluHassan Thank you for placing Kenya Kwanza news in the prime news category today.

We have missed this for a long time.

From 06:59 PM to 07:15 PM. üòäüí™üí™

#NipasheWikendi https://t.co/a4SW4eFjOa",CaptainKipkorir,"['@citizentvkenya', '@rashidabdalla', '@luluhassan', 'thank', 'you', 'for', 'place', 'kenya', 'kwanza', 'news', 'in', 'the', 'prime', 'news', 'categori', 'today.', 'we', 'have', 'miss', 'thi', 'for', 'a', 'long', 'time.', 'from', '06:59', 'pm', 'to', '07:15', 'pm.', 'üòäüí™üí™', '#nipashewikendi', 'https://t.co/a4sw4efjoa']",@citizentvkenya @rashidabdalla @luluhassan thank you for place kenya kwanza news in the prime news categori today. we have miss thi for a long time. from 06:59 pm to 07:15 pm. üòäüí™üí™ #nipashewikendi https://t.co/a4sw4efjoa
2022-05-29 16:31:33+00:00,1530949978910343168,"@JembeniL @Emeje5 @citizentvkenya @RashidAbdalla @LuluHassan @RashidAbdalla @citizentvkenya #Nipashewikendi @LuluHassan @RashidAbdalla Watching from kiptulus Nandi
Tafadhali serikali iweke usalama wa kutosha marakweet wahusika wachukuliwe hatua kali ya sheria",Chesingak,"['@jembenil', '@emeje5', '@citizentvkenya', '@rashidabdalla', '@luluhassan', '@rashidabdalla', '@citizentvkenya', '#nipashewikendi', '@luluhassan', '@rashidabdalla', 'watch', 'from', 'kiptulu', 'nandi', 'tafadhali', 'serikali', 'iwek', 'usalama', 'kutosha', 'marakweet', 'wahusika', 'wachukuliw', 'hatua', 'kali', 'sheria']",@jembenil @emeje5 @citizentvkenya @rashidabdalla @luluhassan @rashidabdalla @citizentvkenya #nipashewikendi @luluhassan @rashidabdalla watch from kiptulu nandi tafadhali serikali iwek usalama kutosha marakweet wahusika wachukuliw hatua kali sheria
2022-05-29 16:26:26+00:00,1530948692613771265,"@LuluHassan @RashidAbdalla @citizentvkenya #Nipashewikendi @LuluHassan @RashidAbdalla Watching from kiptulus Nandi
Tafadhali serikali iweke usalama wa kutosha marakweet wahusika wachukuliwe hatua kali ya sheria",Chesingak,"['@luluhassan', '@rashidabdalla', '@citizentvkenya', '#nipashewikendi', '@luluhassan', '@rashidabdalla', 'watch', 'from', 'kiptulu', 'nandi', 'tafadhali', 'serikali', 'iwek', 'usalama', 'kutosha', 'marakweet', 'wahusika', 'wachukuliw', 'hatua', 'kali', 'sheria']",@luluhassan @rashidabdalla @citizentvkenya #nipashewikendi @luluhassan @rashidabdalla watch from kiptulu nandi tafadhali serikali iwek usalama kutosha marakweet wahusika wachukuliw hatua kali sheria
2022-05-29 16:17:05+00:00,1530946337461739520,"@RashidAbdalla @citizentvkenya #Nipashewikendi @LuluHassan @RashidAbdalla Watching from kiptulus Nandi
Tafadhali serikali iweke usalama wa kutosha marakweet wahusika wachukuliwe hatua kali ya sheria",Chesingak,"['@rashidabdalla', '@citizentvkenya', '#nipashewikendi', '@luluhassan', '@rashidabdalla', 'watch', 'from', 'kiptulu', 'nandi', 'tafadhali', 'serikali', 'iwek', 'usalama', 'kutosha', 'marakweet', 'wahusika', 'wachukuliw', 'hatua', 'kali', 'sheria']",@rashidabdalla @citizentvkenya #nipashewikendi @luluhassan @rashidabdalla watch from kiptulu nandi tafadhali serikali iwek usalama kutosha marakweet wahusika wachukuliw hatua kali sheria
2022-05-29 16:16:56+00:00,1530946303353532417,"@LuluHassan @citizentvkenya #Nipashewikendi @LuluHassan @RashidAbdalla Watching from kiptulus Nandi
Tafadhali serikali iweke usalama wa kutosha marakweet wahusika wachukuliwe hatua kali ya sheria",Chesingak,"['@luluhassan', '@citizentvkenya', '#nipashewikendi', '@luluhassan', '@rashidabdalla', 'watch', 'from', 'kiptulu', 'nandi', 'tafadhali', 'serikali', 'iwek', 'usalama', 'kutosha', 'marakweet', 'wahusika', 'wachukuliw', 'hatua', 'kali', 'sheria']",@luluhassan @citizentvkenya #nipashewikendi @luluhassan @rashidabdalla watch from kiptulu nandi tafadhali serikali iwek usalama kutosha marakweet wahusika wachukuliw hatua kali sheria
2022-05-29 16:16:29+00:00,1530946188341436417,"@citizentvkenya #Nipashewikendi @LuluHassan @RashidAbdalla Watching from kiptulus Nandi
Tafadhali serikali iweke usalama wa kutosha marakweet wahusika wachukuliwe hatua kali ya sheria",Chesingak,"['@citizentvkenya', '#nipashewikendi', '@luluhassan', '@rashidabdalla', 'watch', 'from', 'kiptulu', 'nandi', 'tafadhali', 'serikali', 'iwek', 'usalama', 'kutosha', 'marakweet', 'wahusika', 'wachukuliw', 'hatua', 'kali', 'sheria']",@citizentvkenya #nipashewikendi @luluhassan @rashidabdalla watch from kiptulu nandi tafadhali serikali iwek usalama kutosha marakweet wahusika wachukuliw hatua kali sheria
2022-05-29 16:12:25+00:00,1530945162578378752,@citizentvkenya #Nipashewikendi @LuluHassan @RashidAbdalla Watching from kiptulus Nandi,Chesingak,"['@citizentvkenya', '#nipashewikendi', '@luluhassan', '@rashidabdalla', 'watch', 'from', 'kiptulu', 'nandi']",@citizentvkenya #nipashewikendi @luluhassan @rashidabdalla watch from kiptulu nandi
2022-05-21 16:04:02+00:00,1528043951193837569,#NipasheWikendi  USAFI KWA WANAUME NI KAMA MAFUTA NA MAJI MAANA WASIPOKUWA NA WASAIDIZI (MKE) BASI TUSEME YOTE NI VANITY!!TWAJIVUNIA KUWA WAKE SENT FROM HEAVEN NA TUHESHIMIWE SANA!!ü§ô @citizentvkenya @RashidAbdalla @LuluHassan,MomShannyz,"['#nipashewikendi', 'usafi', 'wanaum', 'kama', 'mafuta', 'maji', 'maana', 'wasipokuwa', 'wasaidizi', '(mke)', 'basi', 'tusem', 'vanity!!twajivunia', 'kuwa', 'sent', 'from', 'heaven', 'tuheshimiw', 'sana!!ü§ô', '@citizentvkenya', '@rashidabdalla', '@luluhassan']",#nipashewikendi usafi wanaum kama mafuta maji maana wasipokuwa wasaidizi (mke) basi tusem vanity!!twajivunia kuwa sent from heaven tuheshimiw sana!!ü§ô @citizentvkenya @rashidabdalla @luluhassan
2022-05-13 16:23:22+00:00,1525149716413140992,@citizentvkenya Following from Njoro Sub County #nipashewikendi,AludaMika,"['@citizentvkenya', 'follow', 'from', 'njoro', 'sub', 'counti', '#nipashewikendi']",@citizentvkenya follow from njoro sub counti #nipashewikendi
2022-05-07 16:28:33+00:00,1522976691609550848,#nipashewikendi @citizentvkenya  kwani bado kuna mapenzi sikuizi  Paul makenzi  from kakamega,marckencie,"['#nipashewikendi', '@citizentvkenya', 'kwani', 'bado', 'kuna', 'mapenzi', 'sikuizi', 'paul', 'makenzi', 'from', 'kakamega']",#nipashewikendi @citizentvkenya kwani bado kuna mapenzi sikuizi paul makenzi from kakamega
2022-05-01 16:17:01+00:00,1520799462595219456,"#NipasheWikendi there is a team of two or three police officers that n every station who go around every joint, from clubs and wines and spirits, they always do so between 6:30-8,
Thats the Nairobi for you",bbonysir,"['#nipashewikendi', 'there', 'is', 'a', 'team', 'of', 'two', 'or', 'three', 'polic', 'offic', 'that', 'n', 'everi', 'station', 'who', 'go', 'around', 'everi', 'joint,', 'from', 'club', 'and', 'wine', 'and', 'spirits,', 'they', 'alway', 'do', 'so', 'between', '6:30-8,', 'that', 'the', 'nairobi', 'for', 'you']","#nipashewikendi there is a team of two or three polic offic that n everi station who go around everi joint, from club and wine and spirits, they alway do so between 6:30-8, that the nairobi for you"
2022-04-29 16:16:26+00:00,1520074539643846657,@citizentvkenya @WaihigaMwaura The winning is yours But let the station refrain from being partisan on one side of political line @RailaOdinga  and be ready to bag all #KuzaAwards2022 . You're made to win #NipasheWikendi,gitonga254_paul,"['@citizentvkenya', '@waihigamwaura', 'the', 'win', 'is', 'your', 'but', 'let', 'the', 'station', 'refrain', 'from', 'be', 'partisan', 'on', 'one', 'side', 'of', 'polit', 'line', '@railaodinga', 'and', 'be', 'readi', 'to', 'bag', 'all', '#kuzaawards2022', '.', ""you'r"", 'made', 'to', 'win', '#nipashewikendi']",@citizentvkenya @waihigamwaura the win is your but let the station refrain from be partisan on one side of polit line @railaodinga and be readi to bag all #kuzaawards2022 . you'r made to win #nipashewikendi
2022-04-02 16:22:52+00:00,1510291688006336514,@citizentvkenya @LuluHassan @RashidAbdalla Following from Njoro Sub County #NipasheWikendi,AludaMika,"['@citizentvkenya', '@luluhassan', '@rashidabdalla', 'follow', 'from', 'njoro', 'sub', 'counti', '#nipashewikendi']",@citizentvkenya @luluhassan @rashidabdalla follow from njoro sub counti #nipashewikendi
2022-04-02 16:17:59+00:00,1510290455627538435,@citizentvkenya Following from Njoro Sub County #NipasheWikendi,AludaMika,"['@citizentvkenya', 'follow', 'from', 'njoro', 'sub', 'counti', '#nipashewikendi']",@citizentvkenya follow from njoro sub counti #nipashewikendi
2022-03-27 16:56:26+00:00,1508125807444639749,"I happen to know a friend from Marsabit, whose relative, a 14-year-old, is admitted at KNH with three bullets in the head 

#makovuyaukabila 

@hassanmugambi @LuluHassan @citizentvkenya 

#NipasheWikendi",FrankOrinde,"['i', 'happen', 'to', 'know', 'a', 'friend', 'from', 'marsabit,', 'whose', 'relative,', 'a', '14-year-old,', 'is', 'admit', 'at', 'knh', 'with', 'three', 'bullet', 'in', 'the', 'head', '#makovuyaukabila', '@hassanmugambi', '@luluhassan', '@citizentvkenya', '#nipashewikendi']","i happen to know a friend from marsabit, whose relative, a 14-year-old, is admit at knh with three bullet in the head #makovuyaukabila @hassanmugambi @luluhassan @citizentvkenya #nipashewikendi"
2022-03-27 16:38:24+00:00,1508121268079542273,#NipasheWikendi on the issue of clashes let the govt divide off whole of the land and issues title deeds. The idea of community ownership of land isn't working..let residents device other activities away from pastoralism..eg bring up dams for agric,e_maiso,"['#nipashewikendi', 'on', 'the', 'issu', 'of', 'clash', 'let', 'the', 'govt', 'divid', 'off', 'whole', 'of', 'the', 'land', 'and', 'issu', 'titl', 'deeds.', 'the', 'idea', 'of', 'commun', 'ownership', 'of', 'land', ""isn't"", 'working..let', 'resid', 'devic', 'other', 'activ', 'away', 'from', 'pastoralism..eg', 'bring', 'up', 'dam', 'for', 'agric']",#nipashewikendi on the issu of clash let the govt divid off whole of the land and issu titl deeds. the idea of commun ownership of land isn't working..let resid devic other activ away from pastoralism..eg bring up dam for agric
2022-03-26 16:45:01+00:00,1507760544840888326,@citizentvkenya These men that runs away from responsibilities  should be on the front line waiting for this contraceptive #NipasheWikendi  @LuluHassan @RashidAbdalla,JaydeKimani,"['@citizentvkenya', 'these', 'men', 'that', 'run', 'away', 'from', 'respons', 'should', 'be', 'on', 'the', 'front', 'line', 'wait', 'for', 'thi', 'contracept', '#nipashewikendi', '@luluhassan', '@rashidabdalla']",@citizentvkenya these men that run away from respons should be on the front line wait for thi contracept #nipashewikendi @luluhassan @rashidabdalla
2022-03-19 16:40:27+00:00,1505222681305702401,"@citizentvkenya Equinox is when the LENGTH of days and nights IS EQUAL ie equinox
It can also be described as the period when the sun is overhead at the equator, meaning that places near the equator tent to experience high temperature range from the usual. Mugai Kabras watching.
#NipasheWikendi",MarkMurunga1,"['@citizentvkenya', 'equinox', 'is', 'when', 'the', 'length', 'of', 'day', 'and', 'night', 'is', 'equal', 'ie', 'equinox', 'it', 'can', 'also', 'be', 'describ', 'as', 'the', 'period', 'when', 'the', 'sun', 'is', 'overhead', 'at', 'the', 'equator,', 'mean', 'that', 'place', 'near', 'the', 'equat', 'tent', 'to', 'experi', 'high', 'temperatur', 'rang', 'from', 'the', 'usual.', 'mugai', 'kabra', 'watching.', '#nipashewikendi']","@citizentvkenya equinox is when the length of day and night is equal ie equinox it can also be describ as the period when the sun is overhead at the equator, mean that place near the equat tent to experi high temperatur rang from the usual. mugai kabra watching. #nipashewikendi"
2022-03-12 16:55:00+00:00,1502689628205326339,Lulu kauli zako ngumu bana .wewe basi umeshushwa direct from heaven.unataka kujuwa mumeo alikuepo na nani eti ü§£ @RashidAbdalla @LuluHassan @citizentvkenya #Nipashewikendi,Gracetoroitich1,"['lulu', 'kauli', 'zako', 'ngumu', 'bana', '.wew', 'basi', 'umeshushwa', 'direct', 'from', 'heaven.unataka', 'kujuwa', 'mumeo', 'alikuepo', 'nani', 'eti', 'ü§£', '@rashidabdalla', '@luluhassan', '@citizentvkenya', '#nipashewikendi']",lulu kauli zako ngumu bana .wew basi umeshushwa direct from heaven.unataka kujuwa mumeo alikuepo nani eti ü§£ @rashidabdalla @luluhassan @citizentvkenya #nipashewikendi
2022-03-12 16:49:49+00:00,1502688323864780800,"@citizentvkenya yaliyopita hakuna haja ya kuelezea tena, utavunja imani kwenye mahusiano yenu punde tu utamuelezea mpenzi wako kuhusi yule ulie kuwa nae awali, watching from kibomet kitale
#nipashewikendi",GazarKing,"['@citizentvkenya', 'yaliyopita', 'hakuna', 'haja', 'kuelezea', 'tena,', 'utavunja', 'imani', 'kweny', 'mahusiano', 'yenu', 'pund', 'tu', 'utamuelezea', 'mpenzi', 'wako', 'kuhusi', 'uli', 'kuwa', 'nae', 'awali,', 'watch', 'from', 'kibomet', 'kital', '#nipashewikendi']","@citizentvkenya yaliyopita hakuna haja kuelezea tena, utavunja imani kweny mahusiano yenu pund tu utamuelezea mpenzi wako kuhusi uli kuwa nae awali, watch from kibomet kital #nipashewikendi"
2022-02-06 15:59:52+00:00,1490354566382211079,"@citizentvkenya 
@LuluHassan 
@RashidAbdalla 
#nipashewikendi
Fisi hakuwa na shida , Following from kona mbaya jua kali turbo",bitok_brayo,"['@citizentvkenya', '@luluhassan', '@rashidabdalla', '#nipashewikendi', 'fisi', 'hakuwa', 'shida', ',', 'follow', 'from', 'kona', 'mbaya', 'jua', 'kali', 'turbo']","@citizentvkenya @luluhassan @rashidabdalla #nipashewikendi fisi hakuwa shida , follow from kona mbaya jua kali turbo"
2022-02-05 16:08:34+00:00,1489994367779627009,@citizentvkenya Following from Njoro Sub County #NipasheWikendi,AludaMika,"['@citizentvkenya', 'follow', 'from', 'njoro', 'sub', 'counti', '#nipashewikendi']",@citizentvkenya follow from njoro sub counti #nipashewikendi
2022-01-29 16:04:54+00:00,1487456730342735875,"@citizentvkenya @RashidAbdalla  watching live from Endebess ,, Natembeya Transnzoia county mambo itakua ngumu Sana #NipasheWikendi",Chesongol_J,"['@citizentvkenya', '@rashidabdalla', 'watch', 'live', 'from', 'endebess', ',,', 'natembeya', 'transnzoia', 'counti', 'mambo', 'itakua', 'ngumu', 'sana', '#nipashewikendi']","@citizentvkenya @rashidabdalla watch live from endebess ,, natembeya transnzoia counti mambo itakua ngumu sana #nipashewikendi"
2022-01-22 16:30:59+00:00,1484926578392018953,"@citizentvkenya You are doing a good job, but having Ben Kirui report from inside a classroom with a teacher teaching is wrong
#NipasheWikendi",maerowaka,"['@citizentvkenya', 'you', 'are', 'do', 'a', 'good', 'job,', 'but', 'have', 'ben', 'kirui', 'report', 'from', 'insid', 'a', 'classroom', 'with', 'a', 'teacher', 'teach', 'is', 'wrong', '#nipashewikendi']","@citizentvkenya you are do a good job, but have ben kirui report from insid a classroom with a teacher teach is wrong #nipashewikendi"
2022-01-21 16:09:14+00:00,1484558716208881668,"@citizentvkenya Watching live from kimose near Emining ,, #Nipashewikendi",DenooPogba10,"['@citizentvkenya', 'watch', 'live', 'from', 'kimos', 'near', 'emin', ',,', '#nipashewikendi']","@citizentvkenya watch live from kimos near emin ,, #nipashewikendi"
2022-01-21 16:08:38+00:00,1484558564899364869,"#NipasheWikendi watching live from kimose near Emining ,,",DenooPogba10,"['#nipashewikendi', 'watch', 'live', 'from', 'kimos', 'near', 'emin', ',,']","#nipashewikendi watch live from kimos near emin ,,"
2022-01-08 16:10:30+00:00,1479847993620811782,"@citizentvkenya @LuluHassan  @RashidAbdalla   Watching from Endebess ,, Nini inaendelea Kenya yetu ni vifo tu kila uchao ,, #NipasheWikendi",Chesongol_J,"['@citizentvkenya', '@luluhassan', '@rashidabdalla', 'watch', 'from', 'endebess', ',,', 'nini', 'inaendelea', 'kenya', 'yetu', 'vifo', 'tu', 'kila', 'uchao', ',,', '#nipashewikendi']","@citizentvkenya @luluhassan @rashidabdalla watch from endebess ,, nini inaendelea kenya yetu vifo tu kila uchao ,, #nipashewikendi"
2022-01-01 16:26:02+00:00,1477315187027988484,@citizentvkenya Watching from Njoro Sub County #NipasheWikendi,AludaMika,"['@citizentvkenya', 'watch', 'from', 'njoro', 'sub', 'counti', '#nipashewikendi']",@citizentvkenya watch from njoro sub counti #nipashewikendi
2022-01-01 16:25:30+00:00,1477315053921656834,@citizentvkenya Following from Njoro Sub County #NipasheWikendi,AludaMika,"['@citizentvkenya', 'follow', 'from', 'njoro', 'sub', 'counti', '#nipashewikendi']",@citizentvkenya follow from njoro sub counti #nipashewikendi
2021-12-31 16:22:55+00:00,1476952013040762885,@citizentvkenya All the way from bukura kakamega county Niko tuned.#nipashewikendi,AmasongoleJ,"['@citizentvkenya', 'all', 'the', 'way', 'from', 'bukura', 'kakamega', 'counti', 'niko', 'tuned.#nipashewikendi']",@citizentvkenya all the way from bukura kakamega counti niko tuned.#nipashewikendi
2021-11-27 16:03:59+00:00,1464626061396828166,@citizentvkenya @RashidAbdalla @LuluHassan Watching live from Nairobi kibera slums #nipashewikendi,HMalumu,"['@citizentvkenya', '@rashidabdalla', '@luluhassan', 'watch', 'live', 'from', 'nairobi', 'kibera', 'slum', '#nipashewikendi']",@citizentvkenya @rashidabdalla @luluhassan watch live from nairobi kibera slum #nipashewikendi
2021-11-21 16:29:50+00:00,1462458239098970117,"@DrGoaMmoja @citizentvkenya @LuluHassan Heko Heko kwa serikali @citizentvkenya @LuluHassan Watching from Kaboi kiptulus Nandi
Naunga mkono chanjo ikuwe lazima kwa kila mtu hapa Nchini #NipasheWikendi",Chesingak,"['@drgoammoja', '@citizentvkenya', '@luluhassan', 'heko', 'heko', 'serikali', '@citizentvkenya', '@luluhassan', 'watch', 'from', 'kaboi', 'kiptulu', 'nandi', 'naunga', 'mkono', 'chanjo', 'ikuw', 'lazima', 'kila', 'mtu', 'hapa', 'nchini', '#nipashewikendi']",@drgoammoja @citizentvkenya @luluhassan heko heko serikali @citizentvkenya @luluhassan watch from kaboi kiptulu nandi naunga mkono chanjo ikuw lazima kila mtu hapa nchini #nipashewikendi
2021-11-21 16:13:38+00:00,1462454164907347973,"@DrGoaMmoja @citizentvkenya @LuluHassan Heko Heko kwa serikali @citizentvkenya @LuluHassan Watching from Kaboi kiptulus Nandi
Naunga mkono chanjo ikuwe lazima kwa kila mtu hapa Nchini #NipasheWikendi",Chesingak,"['@drgoammoja', '@citizentvkenya', '@luluhassan', 'heko', 'heko', 'serikali', '@citizentvkenya', '@luluhassan', 'watch', 'from', 'kaboi', 'kiptulu', 'nandi', 'naunga', 'mkono', 'chanjo', 'ikuw', 'lazima', 'kila', 'mtu', 'hapa', 'nchini', '#nipashewikendi']",@drgoammoja @citizentvkenya @luluhassan heko heko serikali @citizentvkenya @luluhassan watch from kaboi kiptulu nandi naunga mkono chanjo ikuw lazima kila mtu hapa nchini #nipashewikendi
2021-11-21 16:10:15+00:00,1462453312108781578,"@citizentvkenya @LuluHassan Hiyo ni hatua nzuri sana...watu wajitokeze waanze kuchanjwa sasa..Bila chanjo hakuna huduma,suluhisho ni kuchukua chanjo ili upate cheti...tuned from Kapsabet, #Nipashewikendi",dariuskpkosgei1,"['@citizentvkenya', '@luluhassan', 'hiyo', 'hatua', 'nzuri', 'sana...watu', 'wajitokez', 'waanz', 'kuchanjwa', 'sasa..bila', 'chanjo', 'hakuna', 'huduma,suluhisho', 'kuchukua', 'chanjo', 'ili', 'upat', 'cheti...tun', 'from', 'kapsabet,', '#nipashewikendi']","@citizentvkenya @luluhassan hiyo hatua nzuri sana...watu wajitokez waanz kuchanjwa sasa..bila chanjo hakuna huduma,suluhisho kuchukua chanjo ili upat cheti...tun from kapsabet, #nipashewikendi"
2021-11-21 16:06:06+00:00,1462452270491226117,"@citizentvkenya @LuluHassan Heko Heko kwa serikali @citizentvkenya @LuluHassan Watching from Kaboi kiptulus Nandi
Naunga mkono chanjo ikuwe lazima kwa kila mtu hapa Nchini #NipasheWikendi",Chesingak,"['@citizentvkenya', '@luluhassan', 'heko', 'heko', 'serikali', '@citizentvkenya', '@luluhassan', 'watch', 'from', 'kaboi', 'kiptulu', 'nandi', 'naunga', 'mkono', 'chanjo', 'ikuw', 'lazima', 'kila', 'mtu', 'hapa', 'nchini', '#nipashewikendi']",@citizentvkenya @luluhassan heko heko serikali @citizentvkenya @luluhassan watch from kaboi kiptulu nandi naunga mkono chanjo ikuw lazima kila mtu hapa nchini #nipashewikendi
2021-11-21 16:04:31+00:00,1462451870996250628,"Heko Heko kwa serikali @citizentvkenya @LuluHassan Watching from Kaboi kiptulus Nandi
Naunga mkono chanjo ikuwe lazima kwa kila mtu hapa Nchini #NipasheWikendi",Chesingak,"['heko', 'heko', 'serikali', '@citizentvkenya', '@luluhassan', 'watch', 'from', 'kaboi', 'kiptulu', 'nandi', 'naunga', 'mkono', 'chanjo', 'ikuw', 'lazima', 'kila', 'mtu', 'hapa', 'nchini', '#nipashewikendi']",heko heko serikali @citizentvkenya @luluhassan watch from kaboi kiptulu nandi naunga mkono chanjo ikuw lazima kila mtu hapa nchini #nipashewikendi
2021-11-21 16:03:49+00:00,1462451695372451846,"@LuluHassan @citizentvkenya @LuluHassan Watching from Kaboi kiptulus Nandi
Naunga mkono chanjo ikuwe lazima kwa kila mtu hapa Nchini #NipasheWikendi",Chesingak,"['@luluhassan', '@citizentvkenya', '@luluhassan', 'watch', 'from', 'kaboi', 'kiptulu', 'nandi', 'naunga', 'mkono', 'chanjo', 'ikuw', 'lazima', 'kila', 'mtu', 'hapa', 'nchini', '#nipashewikendi']",@luluhassan @citizentvkenya @luluhassan watch from kaboi kiptulu nandi naunga mkono chanjo ikuw lazima kila mtu hapa nchini #nipashewikendi
2021-11-21 16:03:28+00:00,1462451605505294336,"@citizentvkenya @LuluHassan Watching from Kaboi kiptulus Nandi
Naunga mkono chanjo ikuwe lazima kwa kila mtu hapa Nchini #NipasheWikendi",Chesingak,"['@citizentvkenya', '@luluhassan', 'watch', 'from', 'kaboi', 'kiptulu', 'nandi', 'naunga', 'mkono', 'chanjo', 'ikuw', 'lazima', 'kila', 'mtu', 'hapa', 'nchini', '#nipashewikendi']",@citizentvkenya @luluhassan watch from kaboi kiptulu nandi naunga mkono chanjo ikuw lazima kila mtu hapa nchini #nipashewikendi
2021-11-14 16:26:24+00:00,1459920660881461256,@citizentvkenya @LuluHassan @RashidAbdalla Following from Njoro Sub County #NipasheWikendi,AludaMika,"['@citizentvkenya', '@luluhassan', '@rashidabdalla', 'follow', 'from', 'njoro', 'sub', 'counti', '#nipashewikendi']",@citizentvkenya @luluhassan @rashidabdalla follow from njoro sub counti #nipashewikendi
2021-11-14 16:15:54+00:00,1459918018704723973,@citizentvkenya @LuluHassan @RashidAbdalla Watching from Njoro Sub County #NipasheWikendi,AludaMika,"['@citizentvkenya', '@luluhassan', '@rashidabdalla', 'watch', 'from', 'njoro', 'sub', 'counti', '#nipashewikendi']",@citizentvkenya @luluhassan @rashidabdalla watch from njoro sub counti #nipashewikendi
2021-11-14 16:02:05+00:00,1459914541584814084,"#NipasheWikendi mm kura sioni maana juu tutabakia kuwa vile vile hamna lolote wanatusaidia , gase imepanda hadi 1400ksh kurefill 6kg from 600ksh @LuluHassan @RashidAbdalla",EliasMatiba,"['#nipashewikendi', 'mm', 'kura', 'sioni', 'maana', 'juu', 'tutabakia', 'kuwa', 'vile', 'vile', 'hamna', 'lolot', 'wanatusaidia', ',', 'gase', 'imepanda', 'hadi', '1400ksh', 'kurefil', '6kg', 'from', '600ksh', '@luluhassan', '@rashidabdalla']","#nipashewikendi mm kura sioni maana juu tutabakia kuwa vile vile hamna lolot wanatusaidia , gase imepanda hadi 1400ksh kurefil 6kg from 600ksh @luluhassan @rashidabdalla"
2021-11-13 16:27:57+00:00,1459558664075943941,"@citizentvkenya @LuluHassan @RashidAbdalla Kwa maoni Yangu kama Denoo Pogba kipkazi nafikiria si lazima umuoe kwa sababu unaesamwoa na humpendi tena bora tu mtoto apatiwe malezi mazuri watching live from kimose¬∞¬∞, #nipashewikendi",DenooPogba6,"['@citizentvkenya', '@luluhassan', '@rashidabdalla', 'maoni', 'kama', 'denoo', 'pogba', 'kipkazi', 'nafikiria', 'si', 'lazima', 'umuo', 'sababu', 'unaesamwoa', 'humpendi', 'tena', 'bora', 'tu', 'mtoto', 'apatiw', 'malezi', 'mazuri', 'watch', 'live', 'from', 'kimose¬∞¬∞,', '#nipashewikendi']","@citizentvkenya @luluhassan @rashidabdalla maoni kama denoo pogba kipkazi nafikiria si lazima umuo sababu unaesamwoa humpendi tena bora tu mtoto apatiw malezi mazuri watch live from kimose¬∞¬∞, #nipashewikendi"
2021-11-13 16:16:40+00:00,1459555825589137413,@citizentvkenya Following from Njoro Sub County #NipasheWikendi,AludaMika,"['@citizentvkenya', 'follow', 'from', 'njoro', 'sub', 'counti', '#nipashewikendi']",@citizentvkenya follow from njoro sub counti #nipashewikendi
2021-11-13 16:14:25+00:00,1459555256585576452,@citizentvkenya @LuluHassan @RashidAbdalla Kwa maoni si lazima umuoe kwa sababu unaesamwoa na humpendi tena bora tu mtoto apatiwe malezi mazuri watching live from kimose near Emining ¬∞¬∞ #Nipashewikendi,DenooPogba6,"['@citizentvkenya', '@luluhassan', '@rashidabdalla', 'maoni', 'si', 'lazima', 'umuo', 'sababu', 'unaesamwoa', 'humpendi', 'tena', 'bora', 'tu', 'mtoto', 'apatiw', 'malezi', 'mazuri', 'watch', 'live', 'from', 'kimos', 'near', 'emin', '¬∞¬∞', '#nipashewikendi']",@citizentvkenya @luluhassan @rashidabdalla maoni si lazima umuo sababu unaesamwoa humpendi tena bora tu mtoto apatiw malezi mazuri watch live from kimos near emin ¬∞¬∞ #nipashewikendi
2021-11-13 16:04:13+00:00,1459552691089199116,"@citizentvkenya @LuluHassan @RashidAbdalla Kwa maoni yangu kama Denoo Pogba kipkazi nafikiria si lazima bora to mtoto apatiwe malezi mazuri, watching live from kimose near Emining #Nipashewikendi",DenooPogba6,"['@citizentvkenya', '@luluhassan', '@rashidabdalla', 'maoni', 'kama', 'denoo', 'pogba', 'kipkazi', 'nafikiria', 'si', 'lazima', 'bora', 'to', 'mtoto', 'apatiw', 'malezi', 'mazuri,', 'watch', 'live', 'from', 'kimos', 'near', 'emin', '#nipashewikendi']","@citizentvkenya @luluhassan @rashidabdalla maoni kama denoo pogba kipkazi nafikiria si lazima bora to mtoto apatiw malezi mazuri, watch live from kimos near emin #nipashewikendi"
2021-11-06 16:24:07+00:00,1457020984653910020,@citizentvkenya Watching from Njoro Sub County #NipasheWikendi,AludaMika,"['@citizentvkenya', 'watch', 'from', 'njoro', 'sub', 'counti', '#nipashewikendi']",@citizentvkenya watch from njoro sub counti #nipashewikendi
2021-10-30 16:30:54+00:00,1454485974591881217,@citizentvkenya Mila zinaathiri ndoa vizuri Sana @LuluHassan  Mimi Ni mmoja wa waathiriwa na sifurahii hizo Mila kabisa #NipasheWikendi watching from mombasa,MercyMo54486363,"['@citizentvkenya', 'mila', 'zinaathiri', 'ndoa', 'vizuri', 'sana', '@luluhassan', 'mimi', 'mmoja', 'waathiriwa', 'sifurahii', 'hizo', 'mila', 'kabisa', '#nipashewikendi', 'watch', 'from', 'mombasa']",@citizentvkenya mila zinaathiri ndoa vizuri sana @luluhassan mimi mmoja waathiriwa sifurahii hizo mila kabisa #nipashewikendi watch from mombasa
2021-10-30 12:27:06+00:00,1454424620375883784,"#Nipashewikendi
Yes mila za jamii zinaezaathiri ndoa ,kwa mfano watu wengine hasaa western msichana mkwe haifai kusalimia baba mkwe ,,,incase she does she can be excommunicated from that family",mulongo_kelvin,"['#nipashewikendi', 'ye', 'mila', 'jamii', 'zinaezaathiri', 'ndoa', ',kwa', 'mfano', 'watu', 'wengin', 'hasaa', 'western', 'msichana', 'mkwe', 'haifai', 'kusalimia', 'baba', 'mkwe', ',,,incas', 'she', 'doe', 'she', 'can', 'be', 'excommun', 'from', 'that', 'famili']","#nipashewikendi ye mila jamii zinaezaathiri ndoa ,kwa mfano watu wengin hasaa western msichana mkwe haifai kusalimia baba mkwe ,,,incas she doe she can be excommun from that famili"
2021-10-23 16:02:48+00:00,1451942191409078273,"@citizentvkenya @LuluHassan @RashidAbdalla sisi wenye atujafika kwa Ndoa wacha tusikie mawaidaa ,, watching citizen News from Endebess #NipasheWikendi",Chesongol_J,"['@citizentvkenya', '@luluhassan', '@rashidabdalla', 'sisi', 'weny', 'atujafika', 'ndoa', 'wacha', 'tusiki', 'mawaidaa', ',,', 'watch', 'citizen', 'new', 'from', 'endebess', '#nipashewikendi']","@citizentvkenya @luluhassan @rashidabdalla sisi weny atujafika ndoa wacha tusiki mawaidaa ,, watch citizen new from endebess #nipashewikendi"
2021-10-23 16:00:15+00:00,1451941549588324356,#NipasheWikendi husband and wife staying away from one another and meeting regularly is good cz it increase relationship..,Ismail25972649,"['#nipashewikendi', 'husband', 'and', 'wife', 'stay', 'away', 'from', 'one', 'anoth', 'and', 'meet', 'regularli', 'is', 'good', 'cz', 'it', 'increas', 'relationship..']",#nipashewikendi husband and wife stay away from one anoth and meet regularli is good cz it increas relationship..
2021-10-16 16:02:02+00:00,1449405281423687682,@citizentvkenya #Nipashewikendi @citizentvkenya @LuluHassan @RashidAbdalla Huyo mume akubaliwe sababu alienda kutafuta ili familia yake isikose. Ng'ombe akivunjika mguu hurudi zizini. Watching from Diospora.,lucasgwaro,"['@citizentvkenya', '#nipashewikendi', '@citizentvkenya', '@luluhassan', '@rashidabdalla', 'huyo', 'mume', 'akubaliw', 'sababu', 'alienda', 'kutafuta', 'ili', 'familia', 'isikose.', ""ng'omb"", 'akivunjika', 'mguu', 'hurudi', 'zizini.', 'watch', 'from', 'diospora.']",@citizentvkenya #nipashewikendi @citizentvkenya @luluhassan @rashidabdalla huyo mume akubaliw sababu alienda kutafuta ili familia isikose. ng'omb akivunjika mguu hurudi zizini. watch from diospora.
2021-10-09 20:59:31+00:00,1446943429926264835,"Raila says if he will be elected every youth will be employed and if not he will receive monthly salary ....why go to work if I can still earn without working ...
Ogopeni huyu mganga...run away from him...!!!!
@citizentvkenya 
#NipasheWikendi",brigediasteve,"['raila', 'say', 'if', 'he', 'will', 'be', 'elect', 'everi', 'youth', 'will', 'be', 'employ', 'and', 'if', 'not', 'he', 'will', 'receiv', 'monthli', 'salari', '....whi', 'go', 'to', 'work', 'if', 'i', 'can', 'still', 'earn', 'without', 'work', '...', 'ogopeni', 'huyu', 'mganga...run', 'away', 'from', 'him...!!!!', '@citizentvkenya', '#nipashewikendi']",raila say if he will be elect everi youth will be employ and if not he will receiv monthli salari ....whi go to work if i can still earn without work ... ogopeni huyu mganga...run away from him...!!!! @citizentvkenya #nipashewikendi
2021-10-03 16:03:47+00:00,1444694678599786508,@citizentvkenya Watching live from Bungoma #NipasheWikendi,MeshackMusamali,"['@citizentvkenya', 'watch', 'live', 'from', 'bungoma', '#nipashewikendi']",@citizentvkenya watch live from bungoma #nipashewikendi
2021-10-02 16:45:33+00:00,1444342803451031554,"@MutugiMurithi3 @citizentvkenya @LuluHassan @RashidAbdalla Kazi ya mwanamke katika nyumba huwezi ukailipa. Rashid, bila wake, hatupo. Taja bei Basi! 
Heshima yatosha!
Watching from Githurai 45.
#NipasheWikendi",felix_wamalika,"['@mutugimurithi3', '@citizentvkenya', '@luluhassan', '@rashidabdalla', 'kazi', 'mwanamk', 'katika', 'nyumba', 'huwezi', 'ukailipa.', 'rashid,', 'bila', 'wake,', 'hatupo.', 'taja', 'bei', 'basi!', 'heshima', 'yatosha!', 'watch', 'from', 'githurai', '45.', '#nipashewikendi']","@mutugimurithi3 @citizentvkenya @luluhassan @rashidabdalla kazi mwanamk katika nyumba huwezi ukailipa. rashid, bila wake, hatupo. taja bei basi! heshima yatosha! watch from githurai 45. #nipashewikendi"
2021-10-01 16:13:45+00:00,1443972413218332804,@citizentvkenya Following from Njoro Sub County #NipasheWikendi,AludaMika,"['@citizentvkenya', 'follow', 'from', 'njoro', 'sub', 'counti', '#nipashewikendi']",@citizentvkenya follow from njoro sub counti #nipashewikendi
2021-09-25 16:50:42+00:00,1441807383139737600,@citizentvkenya Following from Njoro Sub County #NipasheWikendi,AludaMika,"['@citizentvkenya', 'follow', 'from', 'njoro', 'sub', 'counti', '#nipashewikendi']",@citizentvkenya follow from njoro sub counti #nipashewikendi
2021-09-24 16:02:18+00:00,1441432817955704832,@citizentvkenya Watching live from Bungoma #NipasheWikendi,MeshackMusamali,"['@citizentvkenya', 'watch', 'live', 'from', 'bungoma', '#nipashewikendi']",@citizentvkenya watch live from bungoma #nipashewikendi
2021-09-19 16:17:03+00:00,1439624589064249351,"Is it true that it's 2014 in Ethiopia?ü§îü§îü§îü§îü§î
Anyone from Ethiopia here @EthiopiainKE üá™üáπüá™üáπüá™üáπ 
#TuendeleeNaSportPesa
#CitizenWeekend #NipasheWikendi 
@CitizenNipashe",MosesLekakeny,"['is', 'it', 'true', 'that', ""it'"", '2014', 'in', 'ethiopia?ü§îü§îü§îü§îü§î', 'anyon', 'from', 'ethiopia', 'here', '@ethiopiaink', 'üá™üáπüá™üáπüá™üáπ', '#tuendeleenasportpesa', '#citizenweekend', '#nipashewikendi', '@citizennipash']",is it true that it' 2014 in ethiopia?ü§îü§îü§îü§îü§î anyon from ethiopia here @ethiopiaink üá™üáπüá™üáπüá™üáπ #tuendeleenasportpesa #citizenweekend #nipashewikendi @citizennipash
2021-09-11 16:53:24+00:00,1436734633559924744,Let me watch #NipasheWikendi for some wisdom from Bi Msafwari! Game ya Chelsea ni game ndogo,Hussein_Mahadh,"['let', 'me', 'watch', '#nipashewikendi', 'for', 'some', 'wisdom', 'from', 'bi', 'msafwari!', 'game', 'chelsea', 'game', 'ndogo']",let me watch #nipashewikendi for some wisdom from bi msafwari! game chelsea game ndogo
2021-09-04 17:01:35+00:00,1434199977643888646,"@citizentvkenya Watching live from Kianyabao Nyamira county.
#nipashewikendi",HesbornOscar,"['@citizentvkenya', 'watch', 'live', 'from', 'kianyabao', 'nyamira', 'county.', '#nipashewikendi']",@citizentvkenya watch live from kianyabao nyamira county. #nipashewikendi
2021-09-04 16:29:46+00:00,1434191970017189892,@citizentvkenya @citizentvkenya @LuluHassan from mogweko watching u live good work #NipasheWikendi,douglasnyamwea2,"['@citizentvkenya', '@citizentvkenya', '@luluhassan', 'from', 'mogweko', 'watch', 'u', 'live', 'good', 'work', '#nipashewikendi']",@citizentvkenya @citizentvkenya @luluhassan from mogweko watch u live good work #nipashewikendi
2021-08-28 16:21:15+00:00,1431653112603893762,@citizentvkenya @RashidAbdalla Following from Njoro Sub County #NipasheWikendi,AludaMika,"['@citizentvkenya', '@rashidabdalla', 'follow', 'from', 'njoro', 'sub', 'counti', '#nipashewikendi']",@citizentvkenya @rashidabdalla follow from njoro sub counti #nipashewikendi
2021-08-28 16:14:32+00:00,1431651424073621504,"@citizentvkenya @LuluHassan @RashidAbdalla Watching live from Kianyabao Nyamira county.tiba ya mwanaume ni mwanamke kumhesimu bwanake
#nipashewikendi",HesbornOscar,"['@citizentvkenya', '@luluhassan', '@rashidabdalla', 'watch', 'live', 'from', 'kianyabao', 'nyamira', 'county.tiba', 'mwanaum', 'mwanamk', 'kumhesimu', 'bwanak', '#nipashewikendi']",@citizentvkenya @luluhassan @rashidabdalla watch live from kianyabao nyamira county.tiba mwanaum mwanamk kumhesimu bwanak #nipashewikendi
2021-08-15 16:30:42+00:00,1426944448735420416,"@citizentvkenya @LuluHassan @RashidAbdalla #NipasheWikendi serikali inafaa kuweka mashart, kwa mfano ni nini unaedea Uko. Kama ni maneno ya house help au kutafuta vibarua unakataswa .ni Eliud Anampiu from Meru , mbaranga",eliud_kirimi,"['@citizentvkenya', '@luluhassan', '@rashidabdalla', '#nipashewikendi', 'serikali', 'inafaa', 'kuweka', 'mashart,', 'mfano', 'nini', 'unaedea', 'uko.', 'kama', 'maneno', 'hous', 'help', 'au', 'kutafuta', 'vibarua', 'unakataswa', '.ni', 'eliud', 'anampiu', 'from', 'meru', ',', 'mbaranga']","@citizentvkenya @luluhassan @rashidabdalla #nipashewikendi serikali inafaa kuweka mashart, mfano nini unaedea uko. kama maneno hous help au kutafuta vibarua unakataswa .ni eliud anampiu from meru , mbaranga"
2021-08-15 16:07:57+00:00,1426938723074256897,"Government has failed! Kenyans have failed themselves! GoK should address the issue of Kenyans workers in the Emirates. 
Kenyans should refrain from traveling to Arab states since there's no agreement between Kenya and these states.
#NipasheWikendi",DreKariuki,"['govern', 'ha', 'failed!', 'kenyan', 'have', 'fail', 'themselves!', 'gok', 'should', 'address', 'the', 'issu', 'of', 'kenyan', 'worker', 'in', 'the', 'emirates.', 'kenyan', 'should', 'refrain', 'from', 'travel', 'to', 'arab', 'state', 'sinc', ""there'"", 'no', 'agreement', 'between', 'kenya', 'and', 'these', 'states.', '#nipashewikendi']",govern ha failed! kenyan have fail themselves! gok should address the issu of kenyan worker in the emirates. kenyan should refrain from travel to arab state sinc there' no agreement between kenya and these states. #nipashewikendi
2021-08-15 16:04:52+00:00,1426937945290952706,"#NipasheWikendi 
Kenya has many job opportunities, going to Saudi Arabia is a personal choice.... people should value their lives.
Mugeshe from Kitale.",macycerah,"['#nipashewikendi', 'kenya', 'ha', 'mani', 'job', 'opportunities,', 'go', 'to', 'saudi', 'arabia', 'is', 'a', 'person', 'choice....', 'peopl', 'should', 'valu', 'their', 'lives.', 'mugesh', 'from', 'kitale.']","#nipashewikendi kenya ha mani job opportunities, go to saudi arabia is a person choice.... peopl should valu their lives. mugesh from kitale."
2021-08-14 17:00:13+00:00,1426589488743165955,@Gracetoroitich1 @LuluHassan @RashidAbdalla @citizentvkenya From moisbridge kapkoi streaming live.. Am in love with the conversation @RashidAbdalla @LuluHassan @citizentvkenya #NipasheWikendi,LoyalAlbert2,"['@gracetoroitich1', '@luluhassan', '@rashidabdalla', '@citizentvkenya', 'from', 'moisbridg', 'kapkoi', 'stream', 'live..', 'am', 'in', 'love', 'with', 'the', 'convers', '@rashidabdalla', '@luluhassan', '@citizentvkenya', '#nipashewikendi']",@gracetoroitich1 @luluhassan @rashidabdalla @citizentvkenya from moisbridg kapkoi stream live.. am in love with the convers @rashidabdalla @luluhassan @citizentvkenya #nipashewikendi
2021-08-08 16:13:22+00:00,1424403371147018245,"@citizentvkenya Watching Citizen News from Endebess kenya ,, am happy beyond  ,, kongole team Kenya #nipashewikendi",Chesongol_J,"['@citizentvkenya', 'watch', 'citizen', 'new', 'from', 'endebess', 'kenya', ',,', 'am', 'happi', 'beyond', ',,', 'kongol', 'team', 'kenya', '#nipashewikendi']","@citizentvkenya watch citizen new from endebess kenya ,, am happi beyond ,, kongol team kenya #nipashewikendi"
2021-08-07 16:53:29+00:00,1424051078291771395,"A certain Governor from Coast region made a certain Media personality loose her marriage with his celebrated media husband days after grand wedding, up to now she has never settled üò≠üò≠üò≠üò≠. Ogopa Mipango ya kando  #NipasheWikendi",OnyimboSostine,"['a', 'certain', 'governor', 'from', 'coast', 'region', 'made', 'a', 'certain', 'media', 'person', 'loos', 'her', 'marriag', 'with', 'hi', 'celebr', 'media', 'husband', 'day', 'after', 'grand', 'wedding,', 'up', 'to', 'now', 'she', 'ha', 'never', 'settl', 'üò≠üò≠üò≠üò≠.', 'ogopa', 'mipango', 'kando', '#nipashewikendi']","a certain governor from coast region made a certain media person loos her marriag with hi celebr media husband day after grand wedding, up to now she ha never settl üò≠üò≠üò≠üò≠. ogopa mipango kando #nipashewikendi"
2021-08-01 16:20:15+00:00,1421868389744713732,@citizentvkenya COVID-19 in Kenya got some funny trend but anyway I'm a commoner with no say but let's now focus on how Kenya is going to recover from this economic crisis brought by Corruption during this pandemic #nipashewikendi @LuluHassan,Activist_M,"['@citizentvkenya', 'covid-19', 'in', 'kenya', 'got', 'some', 'funni', 'trend', 'but', 'anyway', ""i'm"", 'a', 'common', 'with', 'no', 'say', 'but', ""let'"", 'now', 'focu', 'on', 'how', 'kenya', 'is', 'go', 'to', 'recov', 'from', 'thi', 'econom', 'crisi', 'brought', 'by', 'corrupt', 'dure', 'thi', 'pandem', '#nipashewikendi', '@luluhassan']",@citizentvkenya covid-19 in kenya got some funni trend but anyway i'm a common with no say but let' now focu on how kenya is go to recov from thi econom crisi brought by corrupt dure thi pandem #nipashewikendi @luluhassan
2021-07-31 16:28:02+00:00,1421507958471540740,"@citizentvkenya #nipashewikendi 
Just following from Ruiru",saradan005,"['@citizentvkenya', '#nipashewikendi', 'just', 'follow', 'from', 'ruiru']",@citizentvkenya #nipashewikendi just follow from ruiru
2021-07-30 16:29:08+00:00,1421145847228731397,"@citizentvkenya @MKapombe Kulapua ni ku-overlap am watching from Koibaben, Marakwet #LongaLonga #NipasheWikendi",chemaaiz_korir,"['@citizentvkenya', '@mkapomb', 'kulapua', 'ku-overlap', 'am', 'watch', 'from', 'koibaben,', 'marakwet', '#longalonga', '#nipashewikendi']","@citizentvkenya @mkapomb kulapua ku-overlap am watch from koibaben, marakwet #longalonga #nipashewikendi"
2021-07-24 16:20:06+00:00,1418969248479784965,@citizentvkenya From sikawa kilgoris mwihisi akiruka wahisi wezake lasima mmoja umia #Nipashewikendi,LemisoYiamat2,"['@citizentvkenya', 'from', 'sikawa', 'kilgori', 'mwihisi', 'akiruka', 'wahisi', 'wezak', 'lasima', 'mmoja', 'umia', '#nipashewikendi']",@citizentvkenya from sikawa kilgori mwihisi akiruka wahisi wezak lasima mmoja umia #nipashewikendi
2021-07-18 16:24:48+00:00,1416796104407011329,#NipasheWikendi from ojola kisumu west sub county mimi Wamempigia mamake bibi wangu juu ya deni ya mshwari 3500ksh Branch ni 850 @citizentvkenya @LuluHassan,JahcobOtiende,"['#nipashewikendi', 'from', 'ojola', 'kisumu', 'west', 'sub', 'counti', 'mimi', 'wamempigia', 'mamak', 'bibi', 'wangu', 'juu', 'deni', 'mshwari', '3500ksh', 'branch', '850', '@citizentvkenya', '@luluhassan']",#nipashewikendi from ojola kisumu west sub counti mimi wamempigia mamak bibi wangu juu deni mshwari 3500ksh branch 850 @citizentvkenya @luluhassan
2021-07-17 16:57:49+00:00,1416442024841129990,@citizentvkenya @RashidAbdalla @LuluHassan From moisbridge kapkoi watching you live show guys am in love with this conversations #NipasheWikendi @RashidAbdalla @LuluHassan waamke wa pili ufichwa kama bhangi juu kutakuweko maelewano.. üòä üòä üòä,LoyalAlbert2,"['@citizentvkenya', '@rashidabdalla', '@luluhassan', 'from', 'moisbridg', 'kapkoi', 'watch', 'you', 'live', 'show', 'guy', 'am', 'in', 'love', 'with', 'thi', 'convers', '#nipashewikendi', '@rashidabdalla', '@luluhassan', 'waamk', 'pili', 'ufichwa', 'kama', 'bhangi', 'juu', 'kutakuweko', 'maelewano..', 'üòä', 'üòä', 'üòä']",@citizentvkenya @rashidabdalla @luluhassan from moisbridg kapkoi watch you live show guy am in love with thi convers #nipashewikendi @rashidabdalla @luluhassan waamk pili ufichwa kama bhangi juu kutakuweko maelewano.. üòä üòä üòä
2021-07-17 16:52:59+00:00,1416440809839337475,@citizentvkenya @RashidAbdalla @LuluHassan From sikawa siwezi julisha mke siri bibi wa nje ata nikiowaa astukie tu nimemleta #Nipashewikendi,LemisoYiamat2,"['@citizentvkenya', '@rashidabdalla', '@luluhassan', 'from', 'sikawa', 'siwezi', 'julisha', 'mke', 'siri', 'bibi', 'nje', 'ata', 'nikiowaa', 'astuki', 'tu', 'nimemleta', '#nipashewikendi']",@citizentvkenya @rashidabdalla @luluhassan from sikawa siwezi julisha mke siri bibi nje ata nikiowaa astuki tu nimemleta #nipashewikendi
2021-07-17 16:03:18+00:00,1416428306476511242,"@citizentvkenya Sioni shida lolote Bibi mdogo atambulishwa, Bora Ni real deal ü§£ü§£ü§£ü§£ isikuwa huyu leo, kesho mwingine. #NipasheWikendi from Bomet County, Kapsang'aru-Mutarakwa areas",RobaaKoech001,"['@citizentvkenya', 'sioni', 'shida', 'lolot', 'bibi', 'mdogo', 'atambulishwa,', 'bora', 'real', 'deal', 'ü§£ü§£ü§£ü§£', 'isikuwa', 'huyu', 'leo,', 'kesho', 'mwingine.', '#nipashewikendi', 'from', 'bomet', 'county,', ""kapsang'aru-mutarakwa"", 'area']","@citizentvkenya sioni shida lolot bibi mdogo atambulishwa, bora real deal ü§£ü§£ü§£ü§£ isikuwa huyu leo, kesho mwingine. #nipashewikendi from bomet county, kapsang'aru-mutarakwa area"
2021-07-17 16:01:12+00:00,1416427778090676231,"@citizentvkenya Haahaa ü§£ü§£ü§£ü§£ leo mmeweza, Ni muhimu nyumba ndogo itambulishwe kwa nyumba kubwa ndio bwana aendelee kuheshimiwa na asionekane kama mkora.
Following the broadcast from Bomet County, Kapsang'aru-Mutarakwa areas #NipasheWikendi",RobaaKoech001,"['@citizentvkenya', 'haahaa', 'ü§£ü§£ü§£ü§£', 'leo', 'mmeweza,', 'muhimu', 'nyumba', 'ndogo', 'itambulishw', 'nyumba', 'kubwa', 'ndio', 'bwana', 'aendele', 'kuheshimiwa', 'asionekan', 'kama', 'mkora.', 'follow', 'the', 'broadcast', 'from', 'bomet', 'county,', ""kapsang'aru-mutarakwa"", 'area', '#nipashewikendi']","@citizentvkenya haahaa ü§£ü§£ü§£ü§£ leo mmeweza, muhimu nyumba ndogo itambulishw nyumba kubwa ndio bwana aendele kuheshimiwa asionekan kama mkora. follow the broadcast from bomet county, kapsang'aru-mutarakwa area #nipashewikendi"
2021-07-10 16:33:20+00:00,1413899147439190017,@citizentvkenya #NipasheWikendi Watching from ukunda diani,JohnMuloki4,"['@citizentvkenya', '#nipashewikendi', 'watch', 'from', 'ukunda', 'diani']",@citizentvkenya #nipashewikendi watch from ukunda diani
2021-07-04 16:01:40+00:00,1411716851541983232,"@citizentvkenya Tuned liiive from kitale..
#NipasheWikendi",ItsNdiwaDaniel,"['@citizentvkenya', 'tune', 'liiiv', 'from', 'kitale..', '#nipashewikendi']",@citizentvkenya tune liiiv from kitale.. #nipashewikendi
2021-07-03 16:11:30+00:00,1411356938303049738,@citizentvkenya #nipashewikendi watching from Rongai,calvin_kelvins,"['@citizentvkenya', '#nipashewikendi', 'watch', 'from', 'rongai']",@citizentvkenya #nipashewikendi watch from rongai
2021-06-27 16:18:08+00:00,1409184282204160005,"@citizentvkenya @LuluHassan @RashidAbdalla Watching Live from Mombasanii.
#NipasheWikendi",MarkDaPrince3,"['@citizentvkenya', '@luluhassan', '@rashidabdalla', 'watch', 'live', 'from', 'mombasanii.', '#nipashewikendi']",@citizentvkenya @luluhassan @rashidabdalla watch live from mombasanii. #nipashewikendi
2021-06-26 16:59:10+00:00,1408832218030542850,@mercy_kibet @RashidAbdalla @citizentvkenya @LuluHassan From moisbridge kapkoi watching live... #NipasheWikendi @RashidAbdalla @LuluHassan @citizentvkenya mazungumzo murwa kabiza,LoyalAlbert2,"['@mercy_kibet', '@rashidabdalla', '@citizentvkenya', '@luluhassan', 'from', 'moisbridg', 'kapkoi', 'watch', 'live...', '#nipashewikendi', '@rashidabdalla', '@luluhassan', '@citizentvkenya', 'mazungumzo', 'murwa', 'kabiza']",@mercy_kibet @rashidabdalla @citizentvkenya @luluhassan from moisbridg kapkoi watch live... #nipashewikendi @rashidabdalla @luluhassan @citizentvkenya mazungumzo murwa kabiza
2021-06-26 16:50:45+00:00,1408830100049629194,#NipasheWikendi @LuluHassan @RashidAbdalla @citizentvkenya Hujambo.. mambo mengine hufichwa kabisa sababu isemwe kwa sasa huweza kuvunja mahusiono na heshima kwa ndoa . Tuna historia chafu @benjamin let old cans be sealed completely. From Diaspora Rongai,lucasgwaro,"['#nipashewikendi', '@luluhassan', '@rashidabdalla', '@citizentvkenya', 'hujambo..', 'mambo', 'mengin', 'hufichwa', 'kabisa', 'sababu', 'isemw', 'sasa', 'huweza', 'kuvunja', 'mahusiono', 'heshima', 'ndoa', '.', 'tuna', 'historia', 'chafu', '@benjamin', 'let', 'old', 'can', 'be', 'seal', 'completely.', 'from', 'diaspora', 'rongai']",#nipashewikendi @luluhassan @rashidabdalla @citizentvkenya hujambo.. mambo mengin hufichwa kabisa sababu isemw sasa huweza kuvunja mahusiono heshima ndoa . tuna historia chafu @benjamin let old can be seal completely. from diaspora rongai
2021-06-19 17:06:34+00:00,1406297365879865346,@citizentvkenya @LuluHassan @RashidAbdalla from moisbridge kapkoi watching live @citizentvkenya #NipasheWikendi napenda hayo mazungumzo yenu,LoyalAlbert2,"['@citizentvkenya', '@luluhassan', '@rashidabdalla', 'from', 'moisbridg', 'kapkoi', 'watch', 'live', '@citizentvkenya', '#nipashewikendi', 'napenda', 'hayo', 'mazungumzo', 'yenu']",@citizentvkenya @luluhassan @rashidabdalla from moisbridg kapkoi watch live @citizentvkenya #nipashewikendi napenda hayo mazungumzo yenu
2021-06-13 16:57:56+00:00,1404120866359812098,"@citizentvkenya @LuluHassan @RashidAbdalla #NipasheWikendi. You just listened from one side of the coin, the same way #BBI proponents will tell you it is good for Kenyans.",a_keysane,"['@citizentvkenya', '@luluhassan', '@rashidabdalla', '#nipashewikendi.', 'you', 'just', 'listen', 'from', 'one', 'side', 'of', 'the', 'coin,', 'the', 'same', 'way', '#bbi', 'propon', 'will', 'tell', 'you', 'it', 'is', 'good', 'for', 'kenyans.']","@citizentvkenya @luluhassan @rashidabdalla #nipashewikendi. you just listen from one side of the coin, the same way #bbi propon will tell you it is good for kenyans."
2021-06-12 17:01:59+00:00,1403759499190620170,#NipasheWikendi @citizentvkenya @RashidAbdalla @LuluHassan maisha ya ndoa ni kusaidiana ila hawa Wana was Jezebel hawapendi kabisa. Yao ni yao na yangu ni yetu. Watching from Diaspora Rongai,lucasgwaro,"['#nipashewikendi', '@citizentvkenya', '@rashidabdalla', '@luluhassan', 'maisha', 'ndoa', 'kusaidiana', 'ila', 'hawa', 'wana', 'jezebel', 'hawapendi', 'kabisa.', 'yetu.', 'watch', 'from', 'diaspora', 'rongai']",#nipashewikendi @citizentvkenya @rashidabdalla @luluhassan maisha ndoa kusaidiana ila hawa wana jezebel hawapendi kabisa. yetu. watch from diaspora rongai
2021-06-11 16:07:37+00:00,1403383427571851265,@citizentvkenya Watching from Njoro Sub County #NipasheWikendi,AludaMika,"['@citizentvkenya', 'watch', 'from', 'njoro', 'sub', 'counti', '#nipashewikendi']",@citizentvkenya watch from njoro sub counti #nipashewikendi
2021-05-28 16:10:36+00:00,1398310746983964674,@citizentvkenya Following from Njoro Sub County Piave #NipasheWikendi,AludaMika,"['@citizentvkenya', 'follow', 'from', 'njoro', 'sub', 'counti', 'piav', '#nipashewikendi']",@citizentvkenya follow from njoro sub counti piav #nipashewikendi
2021-05-22 16:50:25+00:00,1396146442285326341,From where does @benjaminzuluke get his statistics? You don't have to blame polygamy for every problem in marriage. Even biological mothers kill their children. Such people could be mentally ill. Pole kwa mama aliyepoteza mtoto wake #NipasheWikendi,SamK4484,"['from', 'where', 'doe', '@benjaminzuluk', 'get', 'hi', 'statistics?', 'you', ""don't"", 'have', 'to', 'blame', 'polygami', 'for', 'everi', 'problem', 'in', 'marriage.', 'even', 'biolog', 'mother', 'kill', 'their', 'children.', 'such', 'peopl', 'could', 'be', 'mental', 'ill.', 'pole', 'mama', 'aliyepoteza', 'mtoto', '#nipashewikendi']",from where doe @benjaminzuluk get hi statistics? you don't have to blame polygami for everi problem in marriage. even biolog mother kill their children. such peopl could be mental ill. pole mama aliyepoteza mtoto #nipashewikendi
2021-05-09 17:02:22+00:00,1391438407059005440,"@citizentvkenya 
#Nipashewikendi
I'm Elijah Samuel from Homabay ,I wish a happy mother's day to my mom Anne Kerubo ,she has always been on my side,may God bless her.",mochama_elijah,"['@citizentvkenya', '#nipashewikendi', ""i'm"", 'elijah', 'samuel', 'from', 'homabay', ',i', 'wish', 'a', 'happi', ""mother'"", 'day', 'to', 'my', 'mom', 'ann', 'kerubo', ',she', 'ha', 'alway', 'been', 'on', 'my', 'side,may', 'god', 'bless', 'her.']","@citizentvkenya #nipashewikendi i'm elijah samuel from homabay ,i wish a happi mother' day to my mom ann kerubo ,she ha alway been on my side,may god bless her."
2021-05-08 16:01:37+00:00,1391060730280128514,#NipasheWikendi @LuluHassan @RashidAbdalla  watching from spring valley,esikuri_zablon,"['#nipashewikendi', '@luluhassan', '@rashidabdalla', 'watch', 'from', 'spring', 'valley']",#nipashewikendi @luluhassan @rashidabdalla watch from spring valley
2021-04-24 16:22:58+00:00,1385992672138174465,"@citizentvkenya @RashidAbdalla @LuluHassan Gatuso from Mishomoroni Msa. Watu waache kujitetea. Lazima watu wakue akili. Kwa nini Kitanda kikawekwa bedroom na meza ikawekwa sitting room?
@citizentvkenya 
#NipasheWikendi
@LuluHassan",godfrey_akongo,"['@citizentvkenya', '@rashidabdalla', '@luluhassan', 'gatuso', 'from', 'mishomoroni', 'msa.', 'watu', 'waach', 'kujitetea.', 'lazima', 'watu', 'waku', 'akili.', 'nini', 'kitanda', 'kikawekwa', 'bedroom', 'meza', 'ikawekwa', 'sit', 'room?', '@citizentvkenya', '#nipashewikendi', '@luluhassan']",@citizentvkenya @rashidabdalla @luluhassan gatuso from mishomoroni msa. watu waach kujitetea. lazima watu waku akili. nini kitanda kikawekwa bedroom meza ikawekwa sit room? @citizentvkenya #nipashewikendi @luluhassan
2021-04-18 16:42:21+00:00,1383823225897902082,"From purity's #SilahaMtaani expose, we can conclude we are not safe @LuluHassan @RashidAbdalla @citizentvkenya Purity apewe security sasa #nipashewikendi",Isaack_Muthusi,"['from', ""purity'"", '#silahamtaani', 'expose,', 'we', 'can', 'conclud', 'we', 'are', 'not', 'safe', '@luluhassan', '@rashidabdalla', '@citizentvkenya', 'puriti', 'apew', 'secur', 'sasa', '#nipashewikendi']","from purity' #silahamtaani expose, we can conclud we are not safe @luluhassan @rashidabdalla @citizentvkenya puriti apew secur sasa #nipashewikendi"
2021-04-04 16:02:16+00:00,1378739705244712963,"From Embu, naomba wakenya  wote tutii kanuni ,za wizara ya afya, tandavu ya Corona imezidi..na tuombe mungu atusaidie
#nipashewikendi
@citizentvkenya 
@LuluHassan",EphantusMutiga,"['from', 'embu,', 'naomba', 'wakenya', 'wote', 'tutii', 'kanuni', ',za', 'wizara', 'afya,', 'tandavu', 'corona', 'imezidi..na', 'tuomb', 'mungu', 'atusaidi', '#nipashewikendi', '@citizentvkenya', '@luluhassan']","from embu, naomba wakenya wote tutii kanuni ,za wizara afya, tandavu corona imezidi..na tuomb mungu atusaidi #nipashewikendi @citizentvkenya @luluhassan"
2021-04-03 17:26:25+00:00,1378398494310948866,@citizentvkenya #nipashewikendi @LuluHassan @citizentvkenya watching you live from getare kisii town.,Totolakisii_1,"['@citizentvkenya', '#nipashewikendi', '@luluhassan', '@citizentvkenya', 'watch', 'you', 'live', 'from', 'getar', 'kisii', 'town.']",@citizentvkenya #nipashewikendi @luluhassan @citizentvkenya watch you live from getar kisii town.
2021-04-03 17:03:04+00:00,1378392618875375627,@RichardHamisi1 @LuluHassan @RashidAbdalla Following from Njoro sub county #NipasheWikendi,AludaMika,"['@richardhamisi1', '@luluhassan', '@rashidabdalla', 'follow', 'from', 'njoro', 'sub', 'counti', '#nipashewikendi']",@richardhamisi1 @luluhassan @rashidabdalla follow from njoro sub counti #nipashewikendi
2021-04-03 16:49:32+00:00,1378389212421091328,#NipasheWikendi this chille from TZ lacks a funny bone. Wengine wakiangua kicheko mamma ameseti sura ya mawe I say.,omondiherman,"['#nipashewikendi', 'thi', 'chill', 'from', 'tz', 'lack', 'a', 'funni', 'bone.', 'wengin', 'wakiangua', 'kicheko', 'mamma', 'ameseti', 'sura', 'maw', 'i', 'say.']",#nipashewikendi thi chill from tz lack a funni bone. wengin wakiangua kicheko mamma ameseti sura maw i say.
2021-04-03 16:37:41+00:00,1378386230333816838,#NipasheWikendi some of the individuals you interview should be advised to check their backgrounds...literally. That one from TZ. Dull.,omondiherman,"['#nipashewikendi', 'some', 'of', 'the', 'individu', 'you', 'interview', 'should', 'be', 'advis', 'to', 'check', 'their', 'backgrounds...literally.', 'that', 'one', 'from', 'tz.', 'dull.']",#nipashewikendi some of the individu you interview should be advis to check their backgrounds...literally. that one from tz. dull.
2021-04-03 16:25:45+00:00,1378383227979767812,"@citizentvkenya @citizentvkenya @LuluHassan @RashidAbdalla, following from Embakasi #nipashewikendi",MudasiaEvans,"['@citizentvkenya', '@citizentvkenya', '@luluhassan', '@rashidabdalla,', 'follow', 'from', 'embakasi', '#nipashewikendi']","@citizentvkenya @citizentvkenya @luluhassan @rashidabdalla, follow from embakasi #nipashewikendi"
2021-04-03 16:00:00+00:00,1378376748669284353,"From Embu, tusipee wanawake presha, wacha wanadoa wenyewe wakubaliane, wakitaka 30 yrs ama 38 ni sawa
#nipashewikendi 
@citizentvkenya
@LuluHassan",EphantusMutiga,"['from', 'embu,', 'tusipe', 'wanawak', 'presha,', 'wacha', 'wanadoa', 'wenyew', 'wakubaliane,', 'wakitaka', '30', 'yr', 'ama', '38', 'sawa', '#nipashewikendi', '@citizentvkenya', '@luluhassan']","from embu, tusipe wanawak presha, wacha wanadoa wenyew wakubaliane, wakitaka 30 yr ama 38 sawa #nipashewikendi @citizentvkenya @luluhassan"
